 Sarien	沙利安人
You can't do that from here.	你在這裡做不了那件事。
This is an elevator to one of the lower levels.	這是一部通往下層樓的電梯。
a keycard.	一張磁卡。
This is an elevator to one of the other levels of the Arcada.	這是通往阿寇達號其他樓層的電梯。
Your search of the body reveals nothing.	你搜遍屍體，什麼都沒找到。
This is a section of one of the lower levels of Arcada.	這裡是阿寇達號下層的一部分。
nothing.	什麼也沒有。
The massive bay doors are tightly sealed.	這幾扇巨大的艙門封得死死的。
Beyond the yawning doors lies the serenity of deep space.	敞開的艙門外，是一片深邃太空的寧靜。
You reach down and take the Orat part in your hand. Some of it oozes to fill the space between your fingers.	你伸手拿起那塊歐拉特的殘骸，有些黏液滲出來，填滿了你指縫間的空隙。
Orat, always in the mood for a snack, snatches the can out of the air with his spacious oral cavity, chews and swallows it. He notices a rumbling deep within his abdomen.	永遠都有心情吃點心的歐拉特，張開他那寬敞的大嘴把罐子從空中接住，嚼一嚼就吞下肚，接著他注意到肚子深處傳來一陣咕嚕聲。
Get closer.	靠近一點。
This is one end of what appears to be a large cavern. The only way to go is to the left.	這裡是一個大洞穴的一端，唯一能走的路是往左。
You are unpleasantly surprised by a drop of searing acid which bores its way to your feet.	一滴滾燙的酸液毫無預警地燒穿到你的腳，讓你嚇了一大跳。
That's right. You have no head. That darn pool must be filled with acid. You obviously can't go on living that way.	沒錯，你已經沒有頭了。這灘該死的水池裡裝的一定是酸液，你這樣顯然是活不下去了。
The beams seem to form some sort of electronic barrier across the path.	這些光束似乎在通道上組成了某種電子屏障。
"I have been monitoring your travels on our planet. It appears that you are up the proverbial estuary without a means of locomotion."	「我一直在監看你在我們星球上的行蹤。看樣子你是叫天不應叫地不靈,沒有代步工具可用啊。」
"You are obviously in need of transportation."	「你顯然需要一台代步工具。」
"Let us see if you are worthy of our assistance."	「讓我們瞧瞧,你配不配得到我們的幫忙。」
"On the surface lives a beast called Orat.  He proves to be a bit of an annoyance on occasion.  Dispose of him and bring back evidence of your conquest.  Only then will I deal with your plight.  Good luck, strange one."	「地表上住著一頭叫做歐拉特的怪獸,牠三不五時就給人添點麻煩。去把牠解決掉,再帶著你戰勝的證據回來。到時候我才會理你的死活。祝你好運了,怪傢伙。」
"Z jo jb!  lvoo sd fj?"	「Z jo jb! lvoo sd fj?」
"Jow wfiemss ekk wkkedkl ll ewlwl lqqfr fo slljnccv kwetsdlk?"	「Jow wfiemss ekk wkkedkl ll ewlwl lqqfr fo slljnccv kwetsdlk?」
"Owr rjn maj jwwj?  Pprdf rph pttqpt?"	「Owr rjn maj jwwj? Pprdf rph pttqpt?」
You hear a voice, different this time, beckoning you to step forward.	你聽到一個聲音,這次不一樣了,招手要你往前走。
With that you find yourself being transported back to the surface.	話一說完,你發現自己被傳送回了地表。
"Dr, hgi hnhht hjutn.  Kdfdrnlo ghfhr bb rhytt thrt ii mys aawr vcvvf xxc cdd."	「Dr, hgi hnhht hjutn. Kdfdrnlo ghfhr bb rhytt thrt ii mys aawr vcvvf xxc cdd.」
It's pretty darn dark in here.	這裡暗得要命。
Your words go unnoticed.	你說的話沒人理。
"So, you have found your way to my hallowed chamber. Fortunately there is much more to you than meets the eye."	「哈,你找到了通往我這神聖密室的路。算你走運,你這傢伙深藏不露。」
"Bring to me evidence of the beast Orat's demise and we'll talk."	「把歐拉特斃命的證據帶來給我,我們再來談。」
Again, the massive holographic image appears before you.	那尊巨大的全像影像,再度出現在你面前。
The cartridge snaps neatly into the slot and the screen comes alive.	資料匣喀地一聲穩穩卡進插槽,螢幕跟著亮了起來。
As described, it is a sand skimmer and it looks like it has skimmed quite a bit of sand in its time. On it is a panel which has a small readout, currently dark, and a keyhole with a key in it.	正如其名，這是一台沙漠飛車，看起來已經在沙地上飛馳過不少歲月了。上面有個面板，裝了一個小螢幕（目前是暗的），還有一個插著鑰匙的鑰匙孔。
"Don't let appearances fool ya. This baby may be a relic, I mean, a classic, but she's as dependable as the day we got her. And just think, you'll be the only one in the quadrant with one. I guarantee it!"	「別被外表騙了。這寶貝雖然有點年紀，我是說，算是經典款啦，但她可靠得跟我們剛拿到她那天一模一樣。你想想看，整個星區就你有這一台，我掛保證！」
She's a beaut, isn't she? This little baby can do a spin around the planet in just under an hour. Look at the lines in that body work. They just don't make 'em like this any more, ya' know what I mean?  And she's a real bargain at 185 buckazoids.	她很漂亮吧？這小妞繞行星一圈不用一個鐘頭。你看看那車身線條，現在已經沒人做得出這種貨色了，你懂我意思吧？才185枚太空幣，真的划算。
"I tell ya, I think you've made a wise decision. She's a beauty. The keys are in her. If you have any problems don't hesitate to come back and tell us about 'em."	「老實跟你說，我覺得你這個決定很明智。她漂亮得很，鑰匙就插在裡面。有什麼問題儘管回來跟我們說一聲。」
"It's been a heckuva pleasure doin' business with you. Oh, by the way, you're gonna need a droid to help you fly that thing. Well, good luck. Come again."	「跟你做生意真是一大樂事。對了，你會需要一台機器人才能幫你開那玩意兒。祝你好運，歡迎再來。」
"It's been a heckuva pleasure doin' business with you. Well, good luck. Come again!"	「跟你做生意真是一大樂事啊。祝你好運，歡迎再來！」
You proudly climb into your new used spacecraft. There is definitely something unique about it.	你得意洋洋地爬進你那艘全新的二手太空船，這艘船確實有種說不出的獨特之處。
You turn the key excitedly.	你興奮地轉動鑰匙。
There is a sign here which indicates that this is Tiny's Used Space Ship Lot.	這裡有塊招牌，寫著這是「迷你的二手太空船賣場」。
There are some decorative banners which would seem to indicate that making a purchase at Tiny's can be a festive occasion.	這裡掛著一些裝飾用的旗幟，看起來在暗示，在迷你這裡買東西可以是件喜氣洋洋的事。
There is a hole here. I'm sure you recall its origin. At the bottom is the fine craft you rode to glory in. There is no reason to explore the hole any further.	這裡有個坑洞，你應該記得它是怎麼來的。坑底躺著那艘帶你風光落地的座駕。沒必要再往這坑裡深究了。
"Sorry, you can only fly it when you buy it. Oh, by the way, there are no refunds either. Company Policy."	「抱歉，買了才能開。喔對了，也不接受退費，公司規定。」
"Fine. Be that way."	「好啊，隨便你。」
"Glad we could do business. I'll just take that key. Thank you kindly. Hope your stay in Ulence Flats is an interesting one."	「很高興能跟你做成生意。鑰匙就給我吧，謝啦。祝你在尤倫斯荒原玩得愉快。」
"Glad we could do business. Hope your stay in Ulence Flats is an interesting one."	「很高興能跟你做成生意。祝你在尤倫斯荒原玩得愉快。」
"Say there, pal. It's come to my attention that you're in the market for some transportation."	「嘿，朋友。我聽說你正在找代步工具啊。」
"I may be able to help. If you'll follow me, I'd like to show you a fine little piece of machinery that'll knock your eyes out."	「說不定我能幫上忙。跟我來，我帶你看一台會讓你嚇到說不出話的好機器。」
This being is about the size of a humanoid but has some odd features. He seems to have a friendly-looking mug.	這傢伙體型跟人形生物差不多，但長得有點怪。他那張臉看起來還算和善。
My, my. It would appear that your skimmer has become the property of another. I wonder who forgot to remove the key?	哎呀哎呀，看來你的沙漠飛車已經變成別人的財產了。真不知道是誰忘了把鑰匙拔起來呢？
He just wants your buckazoids but will take your life if he has to.	他只想要你的太空幣，但必要的話他會要你的命。
"Hold it right there, pal! This is a stick-up! I'll just relieve you of your cash, thank you very much."	「站住別動，老兄！這是搶劫！你的錢，我就不客氣收下囉，謝啦。」
"Well, you've got to be leaving now. Go straight back the way you came in. Deviate from that path and you're Grell kibble!"	「好了，你該滾了。原路給我直直走回去，敢亂繞路，你就等著變格瑞爾的飼料吧！」
The mugger impresses upon you that he was quite serious.	那個搶匪讓你清楚感受到，他是玩真的。
"Well, there's a man with a good eye. This here is the keenest little scrambler in the hemisphere. Top of the line. Handles like a charm. Perfect for cruising the asteroid fields."	「唷，真有眼光啊。這台可是這半球裡數一數二犀利的飛船，頂級規格，操控起來順到不行，最適合在小行星帶裡巡航了。」
"And she's got all the thrust a guy could need. I tell ya, she's an outright steal at 214 buckazoids."	「她的推力更是應有盡有。老實跟你說，214枚太空幣根本是白撿的價錢。」
You are floating in space just outside the biggest darn spaceship you've ever seen. You see a door. Perhaps it is a way in?	你正漂浮在太空中，就在你這輩子看過最誇張的一艘太空船外面。你看到一扇門，也許是個入口？
Roger Wilco	羅傑·威爾科
It appears to be an electronic slot machine.	看起來是一台電子吃角子老虎機。
There are a couple of non-galactic looking humanoids cranking out some unfamiliar sounding tunes. They seem interested solely in the music they are performing.	有兩個看起來一點都不像外星人的傢伙，正賣力演奏著讓人聽不慣的曲子。他們似乎只在乎自己演奏的音樂，其他一概不管。
"So, I head toward it, ya see, and right there in front of me sits the Deltaur. It's just sittin' there. My hearts start hyperwarping on me."	「所以，你知道的，我就朝那邊飛過去，結果代爾它號就這樣停在我正前方，動也不動。我那幾顆心臟當場就開始超速狂跳。」
"I figure my milliseconds are numbered. All I can think of doin' is getting my craft outta there. So, I'm reachin' for the throttle."	「我當下就知道自己命不久矣，毫秒都嫌多。我腦子裡只想著趕快把船開走，於是伸手就去抓油門。」
"All of a sudden there's this incredible flash of light, ya see. And just like that this little planetoid explodes into a ball of fire! I tell ya, I've never seen anything like it. I mauled the throttle and got outta there quick you bet."	「突然間一道強光閃過，你知道嗎？下一秒那顆小行星就直接炸成一團火球！我跟你講，我這輩子沒見過那種場面。我死命踩下油門，這才逃了出來，你放心。」
You feel a strange tingling sensation. The taste of the beer doesn't seem to be bothering you so much now, hee, hee.	你感覺到一陣怪異的刺麻感。啤酒的味道現在好像沒那麼難以下嚥了，嘿嘿。
The sweeper is a small motorized device which scans the floor for debris and removes it within moments of detection. There is nothing special about it, otherwise.	這台清掃機是一個小型電動裝置，會掃描地板上的雜物，一偵測到就立刻清除。除此之外，沒什麼特別的。
On stage are two heavily-bearded gents and a relatively clean-shaven drummer. They're one of the hottest bands in the quadrant.	舞台上有兩個大鬍子先生和一個算是有刮鬍子的鼓手。他們可是這個星區裡數一數二紅的樂團。
  Kerona	柯羅娜星
  Tough Luck   	算你倒楣
 It's Hopeless 	沒救了
   Eat Sand    	去吃沙吧
 Suck Methane  	去吸甲烷吧
   So Sorry    	真可惜
 Not A Chance  	想都別想
Cartridge	資料匣
Gadget	小裝置
Orat Part	歐拉特部位
Jetpack	噴射背包
Survival Kit	求生包
Dehydrated Water	濃縮水
Plant	植物
