   Generator and the people of our	產生器與我們的宇宙
  universe are in serious jeopardy.	  全體人民正陷入嚴重危機。
  The Star Generator is a miraculous	  星辰產生器是一項奇蹟般的
device. Used as intended, it will help	裝置。若依正常方式使用，將能
 preserve life for eons to come.  Used	 保存生命萬古長存。  但若
 as a device for evil, it would cause	 被用於邪惡目的，則會導致
 the destruction of millions of lives	 數百萬條生命的毀滅，
      and enslave all who oppose	      並奴役所有反抗
             the Sariens.	             沙利安人的人。
 Encoded within this cartridge are all	 本卡匣內記錄了建造
   plans and specifications for the	   星辰產生器的
  construction of the Star Generator.	  完整計畫與規格。
  Should any disaster befall the Star	  萬一星辰產生器計畫
  Generator project, scientists would	  遭逢任何意外，科學家
  be able to create a duplicate of the	  仍可憑這份資料
 Star Generator with this information.	 複製出一台星辰產生器。
   Please guard this with your life.	   請務必拚死守護此物。
 Return it to the Xenon ruling body as	 儘速將它送回氙星的
        quickly as is possible.	        統治機構。
  Important note: The Star Generator	  重要提示：星辰產生器
   is capable of self-destruction.	   具備自我摧毀能力。
 This was introduced to the system as a	 這是作為預防措施
     precaution. To activate it one	     加入系統的。啟動它
          must enter the code:	          必須輸入密碼：
    A five minute timer will begin	    屆時將開始五分鐘
 to count down. Beware - anyone within	 倒數計時。注意——
 five kilometers of the Star Generator	 星辰產生器方圓五公里內
 will be in danger once the timer has	 的任何人，一旦計時器啟動
been initiated.  Please be careful and	都會陷入危險。  請小心行事，
              good luck!	              祝你好運！
You wisely retrieve the cartridge from its slot.	你很明智地把卡匣從插槽裡取回來了。
There is nothing there.	那裡什麼都沒有。
You turn the key and suddenly the jet turbines begin to whir. The skimmer begins to shake beneath you, as its platform slowly moves into the launch tube. You can't help but wonder what you've gotten yourself into this time.	你轉動鑰匙，噴射渦輪突然發出嗡嗡聲響。沙漠飛車在你身下開始震動，載台緩緩滑進發射管。你忍不住懷疑，這次自己又惹上什麼麻煩了。
You must board the skimmmer before the key can be turned.	你得先上飛車才能轉動鑰匙。
The key is not in the keyhole.	鑰匙不在鑰匙孔裡。
That thing is not here.	那東西不在這裡。
This place is most interesting, indeed. A mixture of both old and new technologies. On one side of the chamber is a primitive steam generator. Its pistons, pounding rhythmically, turn steam into useful energy. On the other side is what appears to be a computer console.	這地方還真是有意思，新舊科技混在一起。艙房一側是一台原始的蒸汽發電機，活塞有節奏地搥打著，把蒸汽轉換成可用的能源；另一側則是一組看起來像電腦主控台的東西。
There seems to be some steam escaping with each up stroke of the pistons.	活塞每次上衝，似乎都會漏出一些蒸汽。
Catwalks have been built around the units to facilitate maintenance by the unique-looking Keronian workers. A few of them pop out occasionally to make critical adjustments.	機組周圍搭了維修走道，方便長相奇特的柯羅娜工人進行維護。偶爾會有幾個工人冒出來做些關鍵調整。
The door you entered through is shut and apparently is controlled from another location.	你進來的那扇門已經關上，顯然是由別處遙控的。
The console consists of a monitor and a cartridge slot. There are also some read-outs which indicate the status of some of the mechanisms in here.	主控台上有一個螢幕與一個卡匣插槽，另外還有幾組顯示器，標示著這裡部分機件的運作狀態。
These people of Kerona are an odd-looking lot. You can't pin it down but you are sure something is different about them.	這些柯羅娜星的居民長得挺古怪。你說不上哪裡不對勁，但你很確定他們有些地方跟一般人不一樣。
You remove the key from the skimmer.	你把鑰匙從飛車上拔了下來。
The walls are flat and featureless except for the back wall, which is partially covered by a console.	牆壁平坦而單調，只有後牆有一部分被主控台擋住。
You are already aboard.	你已經在上面了。
That is not possible at this time.	現在辦不到。
The being does not respond. He speaks only when it is his will to do so.	這個生物沒有反應，牠只在自己想開口時才會說話。
The beings are busy working and have no time to chat.	這些生物正忙著工作，沒空跟你閒聊。
As described, it is a sand skimmer and it looks like it has skimmed quite a bit of sand in its time. On it is a panel which has a small readout, currently dark, and an empty keyhole in it.	正如描述的那樣，這是一台沙漠飛車，看起來已經在沙地上跑過不少路了。上面有一個面板，裝著一個目前暗著的小顯示器，還有一個空著的鑰匙孔。
The panel has an ignition switch. There is a key in it.	面板上有個點火開關，裡面插著鑰匙。
The panel has an ignition switch. There is no key in it.	面板上有個點火開關，裡面沒有鑰匙。
A few of the Keronians above you carry out their various tasks.	你上方有幾個柯羅娜人正在做各自的工作。
You notice that the slot is just about the size of a data cartridge.	你注意到這個插槽的大小差不多剛好能放進一個資料匣。
You notice that the slot is just about the size of a data cartridge. In fact, there is one in there now.	你注意到這個插槽的大小差不多剛好能放進一個資料匣。事實上，現在裡面就插著一個。
The ignition switch has a hole for a key which is currently filled.	點火開關上有個鑰匙孔，目前插著鑰匙。
The ignition switch has a hole for a key which is currently empty.	點火開關上有個鑰匙孔，目前是空的。
Damage Report: Minor	損害報告：輕微
Damage Report: Moderate	損害報告：中等
Damage Report: Serious!	損害報告：嚴重！
Warning: Damage Situation Critical!	警告：損害狀況危急！
THUMP!!	砰！！
Had you eaten a few less donuts during the mission, you might have cleared that rock, %s1.	要是你這趟任務少吃幾個甜甜圈，%s1，說不定就閃得過那塊石頭了。
The settlement the alien spoke of appears on the horizon.	那個外星人提過的聚落出現在地平線上。
Whew! That was pretty intense. You've managed to successfully navigate through the treacherous boulder field, and are quite relieved to see that you've reached the settlement.	呼！剛剛那段真的挺刺激的。你總算成功穿過那片險惡的巨石區，看到自己終於抵達聚落，鬆了好大一口氣。
"Howdy, Bucko! Can I interest you in one of the finest little used space ships in the galaxy? You look like a man of discerning taste."	「嗨啊，小夥子！要不要考慮一下本銀河系數一數二的優質二手太空船？看你這副樣子，就知道是個懂貨的人。」
"Well, this is quite a unique little unit. Never been flown over Mach 3. It was owned by a little old lady from Glansadrom. You have to fly it to believe it. And she can be yours for only 99 buckazoids."	「哦，這台可是獨一無二的寶貝，從沒飛超過三馬赫，前任車主是格蘭沙德倫來的一位老太太，開過一次你就會信。只要 99 枚太空幣，這台就是你的了。」
"So whaddaya think? Is she a diamond in the rough, or what? And only 129 buckazoids."	「怎麼樣，覺得如何？這根本是一塊璞玉吧？只要 129 枚太空幣。」
"So how 'bout it partner? Can I interest you in anything here? Can we do business, or what? I'm at your service. Talk to me, chief."	「那怎麼樣，夥伴？這裡有什麼合你胃口的嗎？我們談得成生意嗎？我隨時奉陪，有話直說吧，老大。」
Of course, minus your 70 buckazoid credit that would come to 115 buckazoids.	當然啦，扣掉你 70 枚太空幣的抵扣額，這樣算下來是 115 枚太空幣。
You shell out the buckazoids and hop in. Anxiously, you fire it up and lift off.	你掏出太空幣付了錢，跳上飛船。你緊張地發動引擎，升空而去。
You are standing near one of Tiny's used spacecraft. Upon close inspection they appear to have quite a few kilometers on them.	你站在阿肥的一台二手太空船旁邊。仔細一看，這些船顯然都跑過不少里程了。
You are on Tiny's Used Spacecraft lot. There are only a few ships to choose from. Impossible to miss is the incredibly talkative, not to mention rotund, owner, Tiny. He is most certainly an unusual looking being.	你正站在阿肥的二手太空船場。這裡能挑的船不多，但絕對不會漏看的是老闆阿肥——超級愛講話，體型又渾圓。他絕對是個長相奇特的生物。
"So what are ya trying to pull? If you don't have the cash you can hit the road. Go on, get out of here. You're wasting my time!"	「你在耍什麼把戲啊？沒現金就滾一邊去。走啦，快點滾，別浪費我的時間！」
There is nothing here to buy.	這裡沒有可以買的東西。
"We have a motto. You don't mess with it - You don't die!"	「我們有句座右銘：別亂搞，就不會死！」
Off you go into the purple yonder.	你就這樣飛向那片紫色的遠方去了。
"Well, geez, guy! It seems it's developed some minor malfunction since we acquired it. We did have a small micro-meteroid shower the other day. Maybe that was it! Yeah, that was probably it."	「哎呀，天啊，老兄！看來我們收進來以後它出了點小毛病。前幾天是有一場小型微隕石雨啦，說不定就是那個搞的！對，八成就是那樣。」
"Much as I'd like to I can't refund your money. Company policy. It's out of my hands. However, I can give you seventy buckazoids credit on any other ship in our fine line of used spacecraft. Look around, see what you like."	「我也很想退錢給你，但公司規定不行，這不是我能作主的事。不過呢，我可以給你 70 枚太空幣的折抵額，換購我們這批優質二手太空船的任何一台。你四處看看，挑個喜歡的吧。」
What can be said that isn't seen? Tiny is a large, red skin-covered beast with the personality of a true salesman. Not a prime combination of traits.	有什麼是看不出來的呢？阿肥是隻皮膚紅通通的龐然大物，個性根本是天生的業務員。這種組合，實在稱不上討喜。
There is a small, sturdy office here which unauthorized personnel are not allowed in. It must be a brick ship house.	這裡有一間堅固的小辦公室，未經授權不得進入，看起來是這片船場的門面。
You don't own it.	那不是你的。
You're not close enough.	你離得不夠近。
You are standing against the protective barrier encircling Ulence Flats. Due to the fact that you are land-based you are not able to pass.	你正靠在圍繞尤倫斯荒原的防護屏障上。由於你是徒步行動，沒辦法通過。
Darn the luck, %s1. You've crashed in the dunes and ended your life. The various inhabitants of the Keronian desert are now feasting on what remains of you. Guess that wasn't such a hot purchase.	運氣真背啊，%s1。你墜毀在沙丘裡，一命嗚呼。柯羅娜沙漠裡的各路居民，現在正在你的殘骸上飽餐一頓。看來那台船買得不怎麼樣。
Tiny's not a great conversationalist. He just wants to sell, sell, sell.	阿肥不太會聊天，滿腦子只想著賣、賣、賣。
Stay out of the hole!	別靠近那個洞！
You can own only one ship at a time, town ordinance.	鎮上的規定是一次只能擁有一艘船。
Please remain seated and keep hands inside while the vehicle is moving.	車輛行進時請坐好，並將手留在車內。
You already have it!	你已經拿到了！
You aren't close enough.	你離得不夠近。
Welcome to Ulence Flats	歡迎來到尤倫斯荒原
Taken	已拿走
"Say, this is a genuine Falton sand skimmer. I've been looking for one just like it. I wonder if you would accept %v35 buckazoids?"	「嘿，這是一台正牌的法爾頓沙漠飛車，我一直在找這種款式。不曉得你願不願意收 %v35 枚太空幣？」
"Ok. This is my final offer and I'm only doin' it because you look like you need it pretty bad. I'll give you %v35 buckazoids and I'll throw in this swell jetpack. I only used it once. Works great in zero gravity. You'll love it. Is it a deal? Yes or no?"	「好吧，這是我最後的價碼了，會這麼開也是因為看你真的挺需要用錢。我給你 %v35 枚太空幣，外加這個超讚的噴射背包。我只用過一次，在零重力下超好用，你一定會愛上它。成交嗎？要還是不要？」
You're not on one, %s1.	你根本不在上面，%s1。
After a truly stone-crushing journey, you have miraculously arrived safely in Ulence Flats. And, just in time too, because the skimmer's power cell has been drained. It will take some time to recharge itself. This place isn't quite what you had expected. It is semi-bleak at best. 	經過一段顛得你骨頭快散的旅程，你奇蹟似地平安抵達尤倫斯荒原。而且來得正是時候，因為飛車的電池已經耗盡了，得花點時間才能自行充電。這地方跟你想像的不太一樣，說好聽點也只是半荒涼而已。 
"I really want a skimmer like this. Here's my offer and I'm only doin' it because you look like you need it pretty bad. I'll give you %v35 buckazoids and I'll throw in this swell jetpack. I've only used it once. Works great in zero gravity. Is it a deal or what? Yes or no?"	「我真的很想要這種款式的飛車。這是我的價碼，會這麼開也是因為看你真的挺需要用錢。我給你 %v35 枚太空幣，外加這個超讚的噴射背包，我只用過一次，在零重力下超好用。成交還是不成交？要還是不要？」
You are at the south edge of Ulence Flats. The area is protected from predators by an electronic barrier which runs around the perimeter of the settlement.	你站在尤倫斯荒原的南側邊緣。這一帶靠一道環繞聚落四周的電子屏障，防止掠食者入侵。
The sand skimmer is a one-passenger mode of transportation and it looks like it has skimmed quite a bit of sand in its time. On it is a panel which has a small readout, currently dark, and a keyhole with a key in it.	這台沙漠飛車是單人座的交通工具，看起來已經在沙地上跑過不少路了。上面有一個面板，裝著一個目前暗著的小顯示器，還有一個插著鑰匙的鑰匙孔。
There is a small rounded structure here with a door on one side. It is typical of some of the prefab structures used in frontier areas years ago.	這裡有一棟小小的圓形建築，一側開著門，是當年邊境地區常見的那種組合式建築。
Compared to some of the beings you've seen lately, this one looks fairly normal except for the fact that he seems to have a cylinder for a head.	跟你最近見過的一些生物比起來，這位算是相當正常了，只不過牠的頭似乎是個圓柱體。
The man is not interested in idle conversation. He's only interested in the skimmer.	這個人沒興趣閒聊，他只在乎那台沙漠飛車。
You have no way or reason to kill this being.	你沒有辦法、也沒有理由殺掉這個生物。
You are standing against the protective barrier encircling Ulence Flats. Due to the fact that you are land-based, you are not able to pass.	你正靠在圍繞尤倫斯荒原的防護屏障上。由於你是徒步行動，沒辦法通過。
He wants you to follow him.	他要你跟著他走。
The fresh air helps you snap out of the stupor which that foul brew was responsible for.	新鮮空氣讓你從那杯難喝飲料造成的恍惚中清醒過來。
Ulence Flats is a typical example of some of the frontier settlements that sprang up in the early days of the Outer Zone exploration several years ago. Unfortunately, this attracted many unsavory individuals looking to make a quick buckazoid. Caution is advised.	尤倫斯荒原是幾年前外域探勘初期冒出來的典型邊境聚落之一。可惜的是，這也引來不少想撈快錢的不三不四人物，建議小心行事。
Turning the key does no good since the skimmer was programmed to get here and go no further.	轉動鑰匙也沒用，這台飛車被設定成只能開到這裡，沒辦法再往前了。
There are couple of other craft here which might belong to the beings inside this building.	這裡還有幾台其他的飛行器，可能是這棟建築裡那些生物的。
The sand skimmer is a one-passenger mode of transportation and it looks like it has skimmed quite a bit of sand in its time. On it is a panel which has a small readout, currently dark, and a keyhole without a key in it.	這台沙漠飛車是單人座的交通工具，看起來已經在沙地上跑過不少路了。上面有一個面板，裝著一個目前暗著的小顯示器，還有一個沒插鑰匙的鑰匙孔。
